state,year,month,humidity,Wind speed,Temperature,Precipitation,urban_density,Future_dengue,season,dengue_cases
DELHI,2015,1,-0.60015327,-0.565232922,-2.937470867,-0.634831044,1.939487799,15867,winter,158.67
DELHI,2015,2,-1.25618951,-0.576384054,-1.775680219,-0.823902554,1.939487799,15867,winter,158.67
DELHI,2015,3,-0.727618573,-0.255499084,-1.050519764,-0.127862442,1.939487799,15867,Pre_monsoon,634.68
DELHI,2015,4,-1.156847096,-0.452982159,0.381645927,-0.546024729,1.939487799,15867,Pre_monsoon,634.68
DELHI,2015,5,-2.242644849,0.668290415,1.935315257,-0.815047965,1.939487799,15867,Pre_monsoon,634.68
DELHI,2015,6,-1.44742182,0.309737417,1.923819392,-0.256601215,1.939487799,15867,monsoon,2181.71
DELHI,2015,7,0.008299535,0.336492204,1.123792855,0.949272219,1.939487799,15867,monsoon,2181.71
DELHI,2015,8,0.193431922,-0.266739425,0.886993483,0.714017953,1.939487799,15867,monsoon,2181.71
DELHI,2015,9,-0.776398595,-0.10883345,0.73903367,-0.634744235,1.939487799,15867,monsoon,2181.71
DELHI,2015,10,-1.324422274,-0.746327303,0.148715963,-0.789525916,1.939487799,15867,Post_monsoon,2380.05
DELHI,2015,11,-1.431366408,-0.853915405,-0.954512553,-0.845344548,1.939487799,4431,Post_monsoon,2380.05
DELHI,2015,12,-1.861229071,-0.484052682,-2.249123464,-0.852202514,1.939487799,4431,winter,158.67
DELHI,2016,1,-1.719254607,-0.859979639,-2.312045243,-0.860362625,1.939487799,4431,winter,44.31
DELHI,2016,2,-1.967765324,-0.627593127,-1.724853607,-0.847080742,1.939487799,4431,winter,44.31
DELHI,2016,3,-1.655047957,-0.402039824,-0.31245292,-0.675371171,1.939487799,4431,Pre_monsoon,177.24
DELHI,2016,4,-2.256086576,0.386740691,1.221670396,-0.860102196,1.939487799,4431,Pre_monsoon,177.24
DELHI,2016,5,-1.99905806,0.185372065,2.127310951,-0.563039429,1.939487799,4431,Pre_monsoon,177.24
DELHI,2016,6,-1.477374211,0.122176371,2.308491965,-0.407997318,1.939487799,4431,monsoon,609.26
DELHI,2016,7,0.218818935,-0.520687867,1.114031552,1.938034614,1.939487799,4431,monsoon,609.26
DELHI,2016,8,0.782298164,-0.452413204,0.592679673,0.526422208,1.939487799,4431,monsoon,609.26
DELHI,2016,9,-0.143031704,-0.681410865,0.597965289,-0.59385687,1.939487799,4431,monsoon,609.26
DELHI,2016,10,-1.231888216,-0.535258679,0.073645225,-0.820864215,1.939487799,4431,Post_monsoon,664.65
DELHI,2016,11,-1.851828913,-0.335541412,-1.156754105,-0.860536244,1.939487799,9271,Post_monsoon,664.65
DELHI,2016,12,-1.861550425,-0.495293023,-1.963728255,-0.860536244,1.939487799,9271,winter,44.31
DELHI,2017,1,-1.020677904,-0.516108469,-2.608255133,-0.591686627,1.939487799,9271,winter,92.71
DELHI,2017,2,-1.338037954,-0.168014737,-1.879397823,-0.858452811,1.939487799,9271,winter,92.71
DELHI,2017,3,-1.81337937,-0.067327451,-0.556134361,-0.740565249,1.939487799,9271,Pre_monsoon,370.84
DELHI,2017,4,-2.271162392,0.536875565,1.190902396,-0.729800848,1.939487799,9271,Pre_monsoon,370.84
DELHI,2017,5,-2.072519722,0.119595255,2.084403355,-0.668165966,1.939487799,9271,Pre_monsoon,370.84
DELHI,2017,6,-1.082597044,0.317910949,1.863734711,0.444994717,1.939487799,9271,monsoon,1274.76
DELHI,2017,7,0.060085829,0.175380651,1.137135642,0.179964727,1.939487799,9271,monsoon,1274.76
DELHI,2017,8,0.058141634,0.055067372,1.026460728,0.406451214,1.939487799,9271,monsoon,1274.76
DELHI,2017,9,-0.279627227,-0.629788559,0.596731667,0.071192183,1.939487799,9271,monsoon,1274.76
DELHI,2017,10,-1.397691124,-0.919511814,0.072662072,-0.860536244,1.939487799,9271,Post_monsoon,1390.65
DELHI,2017,11,-1.312885108,-0.613871681,-1.440559884,-0.858192382,1.939487799,7136,Post_monsoon,1390.65
DELHI,2017,12,-1.307342277,-0.481138519,-2.304250246,-0.812704104,1.939487799,7136,winter,92.71
DELHI,2018,1,-1.583514423,-0.417859563,-2.672932542,-0.83622953,1.939487799,7136,winter,71.36
DELHI,2018,2,-1.736037351,-0.345466415,-1.520584675,-0.844389641,1.939487799,7136,winter,71.36
DELHI,2018,3,-2.045509868,-0.107709416,-0.172704774,-0.856282569,1.939487799,7136,Pre_monsoon,285.44
DELHI,2018,4,-1.979259403,-0.073988394,1.027991638,-0.692125441,1.939487799,7136,Pre_monsoon,285.44
DELHI,2018,5,-2.128547897,-0.136851041,1.959823851,-0.709921428,1.939487799,7136,Pre_monsoon,285.44
DELHI,2018,6,-1.27879849,0.844888659,2.153563472,-0.329781786,1.939487799,7136,monsoon,981.2
DELHI,2018,7,0.104207816,-0.269653587,1.225338493,1.908953367,1.939487799,7136,monsoon,981.2
DELHI,2018,8,0.645722457,-0.50028873,0.672595949,0.321985383,1.939487799,7136,monsoon,981.2
DELHI,2018,9,0.60532979,-0.163036872,0.196892791,0.72356702,1.939487799,7136,monsoon,981.2
DELHI,2018,10,-0.384170842,-1.011099777,-0.401287797,-0.843261115,1.939487799,7136,Post_monsoon,1070.4
DELHI,2018,11,-0.859498218,-0.627637629,-1.371912411,-0.828416658,1.939487799,5077,Post_monsoon,1070.4
DELHI,2018,12,-1.026076661,-0.704696411,-2.669421282,-0.851160797,1.939487799,5077,winter,71.36
DELHI,2019,1,-0.845266494,-0.312533406,-2.929114069,-0.520242251,1.939487799,5077,winter,50.77
DELHI,2019,2,-0.5943752,-0.358371992,-2.358411431,-0.660787142,1.939487799,5077,winter,50.77
DELHI,2019,3,-1.184167058,-0.043597842,-1.091741956,-0.774507839,1.939487799,5077,Pre_monsoon,203.08
DELHI,2019,4,-1.751843713,0.012048784,0.991781184,-0.708011615,1.939487799,5077,Pre_monsoon,203.08
DELHI,2019,5,-1.911521066,0.741144476,1.626043479,-0.625281978,1.939487799,5077,Pre_monsoon,203.08
DELHI,2019,6,-1.845918131,0.585916756,2.478151365,-0.750287935,1.939487799,5077,monsoon,698.09
DELHI,2019,7,-0.406778138,0.182874211,1.630818793,0.73467866,1.939487799,5077,monsoon,698.09
DELHI,2019,8,0.454661078,-0.266323116,0.904479557,0.520085101,1.939487799,5077,monsoon,698.09
DELHI,2019,9,0.295578231,-0.587630342,0.780686576,-0.305648691,1.939487799,5077,monsoon,698.09
DELHI,2019,10,-0.497592949,-0.869138435,-0.136117445,-0.633876138,1.939487799,5077,Post_monsoon,761.55
DELHI,2019,11,-0.51650681,-0.414695615,-1.098701273,-0.737266481,1.939487799,1269,Post_monsoon,761.55
DELHI,2019,12,-0.486313402,-0.780880943,-2.936417489,-0.631705895,1.939487799,1269,winter,50.77
DELHI,2020,1,-0.089665416,-0.542335931,-3.000392646,-0.602711458,1.939487799,1269,winter,12.69
DELHI,2020,2,-0.716453163,-0.031266485,-2.210245341,-0.722161595,1.939487799,1269,winter,12.69
DELHI,2020,3,-0.420821334,-0.36498833,-1.149256394,-0.266931569,1.939487799,1269,Pre_monsoon,50.76
DELHI,2020,4,-1.226265582,-0.122599399,0.441730607,-0.734922619,1.939487799,1269,Pre_monsoon,50.76
DELHI,2020,5,-1.674120353,0.46929475,1.618178257,-0.449318732,1.939487799,1269,Pre_monsoon,50.76
DELHI,2020,6,-1.121897105,-0.054630029,1.924617618,-0.443589292,1.939487799,1269,monsoon,174.49
DELHI,2020,7,-0.214736627,0.153316278,1.534329369,0.925573173,1.939487799,1269,monsoon,174.49
DELHI,2020,8,0.679930655,0.056316299,0.857569124,1.038859822,1.939487799,1269,monsoon,174.49
DELHI,2020,9,-0.047296954,-0.757553767,0.799771444,-0.639692387,1.939487799,1269,monsoon,174.49
DELHI,2020,10,-1.494402791,-0.677220022,0.002647549,-0.860536244,1.939487799,1269,Post_monsoon,190.35
DELHI,2020,11,-1.372789891,-0.466317922,-1.500064036,-0.825204699,1.939487799,13089,Post_monsoon,190.35
DELHI,2020,12,-1.208027637,-0.299627829,-2.384868775,-0.85593533,1.939487799,13089,winter,12.69
DELHI,2021,1,-0.527270046,-0.328769454,-2.890068858,-0.49498063,1.939487799,13089,winter,130.89
DELHI,2021,2,-1.274690354,-0.744156549,-1.62064806,-0.832062665,1.939487799,13089,winter,130.89
DELHI,2021,3,-1.85946162,0.000947212,-0.11322403,-0.826246416,1.939487799,13089,Pre_monsoon,523.56
DELHI,2021,4,-2.256418643,0.209504105,0.753764576,-0.8305869,1.939487799,13089,Pre_monsoon,523.56
DELHI,2021,5,-1.460355271,0.057981535,1.28257203,0.070931753,1.939487799,13089,Pre_monsoon,523.56
DELHI,2021,6,-0.946167554,-0.170350032,1.62412165,-0.278216829,1.939487799,13089,monsoon,1799.74
DELHI,2021,7,0.054221108,-0.028194412,1.323583546,2.352637704,1.939487799,13089,monsoon,1799.74
DELHI,2021,8,0.768833406,-0.522353103,0.63032038,0.54847187,1.939487799,13089,monsoon,1799.74
DELHI,2021,9,1.121693078,0.083889827,0.221855508,1.327241619,1.939487799,13089,monsoon,1799.74
DELHI,2021,10,0.32999156,-0.626430333,-0.426568869,-0.187066652,1.939487799,13089,Post_monsoon,1963.35
DELHI,2021,11,-0.25194949,-0.794119567,-1.757020381,-0.860449434,1.939487799,10183,Post_monsoon,1963.35
DELHI,2021,12,-0.313601371,-0.820430291,-2.774969756,-0.812617294,1.939487799,10183,winter,130.89
DELHI,2022,1,0.403180071,-0.552743654,-3.069634692,-0.108764309,1.939487799,10183,winter,101.83
DELHI,2022,2,-0.165956146,-0.339013627,-2.389433412,-0.676846935,1.939487799,10183,winter,101.83
DELHI,2022,3,-1.148095004,-0.385387467,-0.299180357,-0.860536244,1.939487799,10183,Pre_monsoon,407.32
DELHI,2022,4,-2.350011564,-0.090765643,1.432692438,-0.855327662,1.939487799,10183,Pre_monsoon,407.32
DELHI,2022,5,-1.925017959,0.047157503,1.976116098,-0.508870181,1.939487799,10183,Pre_monsoon,407.32
DELHI,2022,6,-1.557219582,0.697765086,2.111547735,-0.220922432,1.939487799,10183,monsoon,1400.16
DELHI,2022,7,0.054799546,0.29944071,1.290718153,0.86454596,1.939487799,10183,monsoon,1400.16
DELHI,2022,8,0.312606276,0.209934291,0.902443027,-0.295405148,1.939487799,10183,monsoon,1400.16
DELHI,2022,9,0.200142341,-0.258538139,0.776695444,1.003528277,1.939487799,10183,monsoon,1400.16
DELHI,2022,10,0.211234967,-0.775468927,-0.512384062,-0.030114728,1.939487799,10183,Post_monsoon,1527.45
DELHI,2022,11,-0.163071912,-0.573864393,-1.490195055,-0.860275815,1.939487799,16866,Post_monsoon,1527.45
DELHI,2022,12,-0.657643609,-0.381224378,-2.477004236,-0.860449434,1.939487799,16866,winter,101.83
DELHI,2023,1,-0.589644975,-0.568979702,-3.032204661,-0.546979636,1.939487799,16866,winter,168.66
DELHI,2023,2,-1.211022547,-0.194747717,-1.584961119,-0.860536244,1.939487799,16866,winter,168.66
DELHI,2023,3,-0.961163031,-0.719267223,-0.575937868,-0.302523542,1.939487799,16866,Pre_monsoon,674.64
DELHI,2023,4,-1.356419016,-0.258538139,0.341154077,-0.733880903,1.939487799,16866,Pre_monsoon,674.64
DELHI,2023,5,-1.269968737,0.37271108,1.037064733,-0.169097046,1.939487799,16866,Pre_monsoon,674.64
DELHI,2023,6,-0.726771269,0.745945906,1.518320365,0.074924999,1.939487799,16866,monsoon,2319.08
DELHI,2023,7,0.582801226,-0.412863856,0.974283405,1.477769625,1.939487799,16866,monsoon,2319.08
DELHI,2023,8,0.480176634,0.177878504,0.887204158,0.131611728,1.939487799,16866,monsoon,2319.08
DELHI,2023,9,0.215600033,-0.116576796,0.715739971,-0.16788171,1.939487799,16866,monsoon,2319.08
DELHI,2023,10,-0.642009707,-0.562735068,-0.119122947,-0.791435729,1.939487799,16866,Post_monsoon,2529.9
KERALA,2015,1,0.104979067,-1.104769285,-0.338857595,-0.855154043,-0.476430157,4075,winter,40.75
KERALA,2015,2,-0.453075007,-0.964473178,0.076231017,-0.854980424,-0.476430157,4075,winter,40.75
KERALA,2015,3,-0.042153138,-1.257554659,0.361919668,-0.519981821,-0.476430157,4075,Pre_monsoon,163
KERALA,2015,4,0.529552233,-1.369708283,0.235860754,0.107218205,-0.476430157,4075,Pre_monsoon,163
KERALA,2015,5,0.903047156,-1.17595811,0.085162158,0.609499084,-0.476430157,4075,Pre_monsoon,163
KERALA,2015,6,1.16859746,-0.535577849,-0.1973585,1.483238636,-0.476430157,4075,monsoon,560.31
KERALA,2015,7,1.25857782,-0.556490434,-0.332256426,0.604811361,-0.476430157,4075,monsoon,560.31
KERALA,2015,8,1.257292402,-0.831670632,-0.328042914,0.328409301,-0.476430157,4075,monsoon,560.31
KERALA,2015,9,1.135656471,-0.984261729,-0.261652011,0.541006237,-0.476430157,4075,monsoon,560.31
KERALA,2015,10,0.98434987,-1.449889381,-0.193070081,0.42459444,-0.476430157,4075,Post_monsoon,611.25
KERALA,2015,11,1.055180174,-1.312923746,-0.400398278,0.784767853,-0.476430157,7439,Post_monsoon,611.25
KERALA,2015,12,0.686598763,-1.081872294,-0.365192045,-0.559393422,-0.476430157,7439,winter,40.75
KERALA,2016,1,0.041897159,-1.078125514,-0.24208727,-0.818433543,-0.476430157,7439,winter,74.39
KERALA,2016,2,-0.276785769,-1.10687954,0.314527345,-0.777719798,-0.476430157,7439,winter,74.39
KERALA,2016,3,-0.185637968,-1.064387319,0.673227976,-0.784143715,-0.476430157,7439,Pre_monsoon,297.56
KERALA,2016,4,0.137016514,-0.78121399,0.749047783,-0.637001287,-0.476430157,7439,Pre_monsoon,297.56
KERALA,2016,5,0.736569404,-0.699284395,0.331652607,0.335961744,-0.476430157,7439,Pre_monsoon,297.56
KERALA,2016,6,1.223172577,-0.336401784,-0.265135181,2.163739813,-0.476430157,7439,monsoon,1022.86
KERALA,2016,7,1.35279899,-0.472396032,-0.440684134,2.039775573,-0.476430157,7439,monsoon,1022.86
KERALA,2016,8,1.293991098,-0.437842391,-0.429026751,0.278146489,-0.476430157,7439,monsoon,1022.86
KERALA,2016,9,1.212164575,-0.67667882,-0.477173147,-0.463208283,-0.476430157,7439,monsoon,1022.86
KERALA,2016,10,0.829071326,-1.049400198,-0.231483265,-0.371450438,-0.476430157,7439,Post_monsoon,1115.85
KERALA,2016,11,0.428670453,-1.375300699,-0.206356689,-0.311985799,-0.476430157,19994,Post_monsoon,1115.85
KERALA,2016,12,0.222514513,-1.195108321,-0.230219212,-0.380391836,-0.476430157,19994,winter,74.39
KERALA,2017,1,-0.17132162,-0.985704933,-0.181061572,-0.694122064,-0.476430157,19994,winter,199.94
KERALA,2017,2,-0.588967261,-0.963551351,0.095357352,-0.859147289,-0.476430157,19994,winter,199.94
KERALA,2017,3,0.11338249,-1.233408742,0.256511644,-0.277001493,-0.476430157,19994,Pre_monsoon,799.76
KERALA,2017,4,0.353806078,-0.776481946,0.468289777,-0.459388656,-0.476430157,19994,Pre_monsoon,799.76
KERALA,2017,5,0.862283324,-0.89037019,0.174909963,0.865934915,-0.476430157,19994,Pre_monsoon,799.76
KERALA,2017,6,1.209674077,-0.526974132,-0.22631235,1.803045542,-0.476430157,19994,monsoon,2749.18
KERALA,2017,7,1.318462251,-0.696370232,-0.383380371,1.07610118,-0.476430157,19994,monsoon,2749.18
KERALA,2017,8,1.360848923,-0.773803692,-0.415754188,1.646354048,-0.476430157,19994,monsoon,2749.18
KERALA,2017,9,1.325797705,-0.855205963,-0.343506503,2.273206835,-0.476430157,19994,monsoon,2749.18
KERALA,2017,10,1.197809665,-1.396601839,-0.335486785,0.47511768,-0.476430157,19994,Post_monsoon,2999.1
KERALA,2017,11,0.961720079,-1.498333863,-0.336830428,-0.113972891,-0.476430157,4083,Post_monsoon,2999.1
KERALA,2017,12,0.667622773,-1.044404491,-0.554800083,-0.417546385,-0.476430157,4083,winter,199.94
KERALA,2018,1,0.067814407,-1.236739213,-0.2878741,-0.845691787,-0.476430157,4083,winter,40.83
KERALA,2018,2,-0.424363121,-1.115652789,0.035723618,-0.768778399,-0.476430157,4083,winter,40.83
KERALA,2018,3,-0.22731766,-1.145983868,0.42947631,-0.540382099,-0.476430157,4083,Pre_monsoon,163.32
KERALA,2018,4,0.451466813,-1.321527464,0.428015626,-0.203734113,-0.476430157,4083,Pre_monsoon,163.32
KERALA,2018,5,1.042868543,-0.948653439,0.007141962,1.449382856,-0.476430157,4083,Pre_monsoon,163.32
KERALA,2018,6,1.27323159,-0.414695615,-0.298950955,2.569488315,-0.476430157,4083,monsoon,561.41
KERALA,2018,7,1.381576295,-0.155168633,-0.428254274,3.43116132,-0.476430157,4083,monsoon,561.41
KERALA,2018,8,1.393209331,-0.304623536,-0.54693486,3.264226282,-0.476430157,4083,monsoon,561.41
KERALA,2018,9,1.158502641,-1.054382028,-0.396915108,0.141768462,-0.476430157,4083,monsoon,561.41
KERALA,2018,10,1.043655862,-1.432820715,-0.301497789,1.141468878,-0.476430157,4083,Post_monsoon,612.45
KERALA,2018,11,0.910465627,-1.444130441,-0.333927786,-0.011884693,-0.476430157,4652,Post_monsoon,612.45
KERALA,2018,12,0.505113751,-1.257970968,-0.242929973,-0.730929374,-0.476430157,4652,winter,40.83
KERALA,2019,1,-0.291235091,-0.985704933,-0.340894126,-0.859754957,-0.476430157,4652,winter,46.52
KERALA,2019,2,-0.379338472,-1.008720869,0.331326562,-0.781886663,-0.476430157,4652,winter,46.52
KERALA,2019,3,-0.303494769,-1.097692033,0.632918712,-0.731016183,-0.476430157,4652,Pre_monsoon,186.08
KERALA,2019,4,0.124381387,-0.933069608,0.707830273,-0.07751282,-0.476430157,4652,Pre_monsoon,186.08
KERALA,2019,5,0.59636239,-0.69345607,0.36599273,-0.233683457,-0.476430157,4652,Pre_monsoon,186.08
KERALA,2019,6,1.030657068,-0.4822348,0.014026372,0.803518746,-0.476430157,4652,monsoon,639.65
KERALA,2019,7,1.23571344,-0.479473284,-0.315613054,1.893674861,-0.476430157,4652,monsoon,639.65
KERALA,2019,8,1.377318346,-0.522353103,-0.459574712,4.191961462,-0.476430157,4652,monsoon,639.65
KERALA,2019,9,1.29642643,-1.046638682,-0.353810881,1.798878677,-0.476430157,4652,monsoon,639.65
KERALA,2019,10,1.224578503,-1.329992412,-0.343000882,2.51167306,-0.476430157,4652,Post_monsoon,697.8
KERALA,2019,11,1.113590657,-1.269044785,-0.282986427,0.116680461,-0.476430157,4399,Post_monsoon,697.8
KERALA,2019,12,0.923276428,-0.862893801,-0.432678461,-0.317368,-0.476430157,4399,winter,46.52
KERALA,2020,1,0.306789758,-1.131829365,-0.168842388,-0.806106567,-0.476430157,4399,winter,43.99
KERALA,2020,2,-0.265707346,-1.094418984,0.223019067,-0.798727743,-0.476430157,4399,winter,43.99
KERALA,2020,3,-0.096397795,-1.128082584,0.560727207,-0.651932554,-0.476430157,4399,Pre_monsoon,175.96
KERALA,2020,4,0.098530016,-1.180856679,0.661968536,-0.414855284,-0.476430157,4399,Pre_monsoon,175.96
KERALA,2020,5,0.745952958,-0.850820842,0.342677963,0.177707675,-0.476430157,4399,Pre_monsoon,175.96
KERALA,2020,6,1.115981536,-0.56999272,-0.186908991,1.252758903,-0.476430157,4399,monsoon,604.86
KERALA,2020,7,1.345118615,-0.761730733,-0.428184048,2.673312707,-0.476430157,4399,monsoon,604.86
KERALA,2020,8,1.358085273,-0.625597715,-0.380992715,2.512541157,-0.476430157,4399,monsoon,604.86
KERALA,2020,9,1.323838513,-0.833696669,-0.444228166,2.211485144,-0.476430157,4399,monsoon,604.86
KERALA,2020,10,1.201890868,-1.031082606,-0.389700639,0.461401749,-0.476430157,4399,Post_monsoon,659.85
KERALA,2020,11,0.98347043,-1.381753488,-0.323913673,0.488659992,-0.476430157,3251,Post_monsoon,659.85
KERALA,2020,12,0.7717738,-0.987786478,-0.500726679,-0.321882104,-0.476430157,3251,winter,43.99
KERALA,2021,1,0.708659756,-1.069383026,-0.404799057,0.073622854,-0.476430157,3251,winter,32.51
KERALA,2021,2,0.019728282,-1.082927935,-0.132992423,-0.639084719,-0.476430157,3251,winter,32.51
KERALA,2021,3,-0.064680096,-1.460713413,0.306441761,-0.421105582,-0.476430157,3251,Pre_monsoon,130.04
KERALA,2021,4,0.473001321,-1.332712297,0.339485058,-0.273876344,-0.476430157,3251,Pre_monsoon,130.04
KERALA,2021,5,1.021964426,-1.05647745,0.012619527,1.81502528,-0.476430157,3251,Pre_monsoon,130.04
KERALA,2021,6,1.213957734,-0.710233319,-0.235092841,1.29607694,-0.476430157,3251,monsoon,447.01
KERALA,2021,7,1.345938069,-0.402039824,-0.384855101,2.441444019,-0.476430157,3251,monsoon,447.01
KERALA,2021,8,1.309062629,-0.84790668,-0.450796563,1.409537207,-0.476430157,3251,monsoon,447.01
KERALA,2021,9,1.310904526,-0.924896076,-0.38276473,1.028442659,-0.476430157,3251,monsoon,447.01
KERALA,2021,10,1.303647803,-1.296271389,-0.311188867,2.727308335,-0.476430157,3251,Post_monsoon,487.65
KERALA,2021,11,1.287659876,-1.338734899,-0.436391033,1.765196516,-0.476430157,4432,Post_monsoon,487.65
KERALA,2021,12,0.958561163,-1.083121221,-0.609716188,-0.577276218,-0.476430157,4432,winter,32.51
KERALA,2022,1,0.644308497,-1.101855122,-0.420529502,-0.677367793,-0.476430157,4432,winter,44.32
KERALA,2022,2,-0.02497616,-1.219358316,0.002446905,-0.824423412,-0.476430157,4432,winter,44.32
KERALA,2022,3,-0.173812119,-1.169297168,0.397242943,-0.458867798,-0.476430157,4432,Pre_monsoon,177.28
KERALA,2022,4,0.647336193,-1.399391109,0.276134906,0.344295474,-0.476430157,4432,Pre_monsoon,177.28
KERALA,2022,5,1.094092467,-0.724679239,-0.062661886,1.583069782,-0.476430157,4432,Pre_monsoon,177.28
KERALA,2022,6,1.194747691,-0.979529684,-0.302724389,1.136086677,-0.476430157,4432,monsoon,609.4
KERALA,2022,7,1.343993874,-0.638919601,-0.474251779,3.099027437,-0.476430157,4432,monsoon,609.4
KERALA,2022,8,1.354678914,-0.56981232,-0.488647945,3.268566766,-0.476430157,4432,monsoon,609.4
KERALA,2022,9,1.28317698,-0.981680613,-0.43827775,0.822443259,-0.476430157,4432,monsoon,609.4
KERALA,2022,10,1.105130998,-1.382447336,-0.392509647,0.443345333,-0.476430157,4432,Post_monsoon,664.8
KERALA,2022,11,0.976430621,-1.602008661,-0.449743185,0.298980815,-0.476430157,17426,Post_monsoon,664.8
KERALA,2022,12,0.813132138,-1.267962382,-0.501077805,0.177186817,-0.476430157,17426,winter,44.32
KERALA,2023,1,0.104239951,-1.208846515,-0.463366873,-0.79108849,-0.476430157,17426,winter,174.26
KERALA,2023,2,-0.542839677,-1.31753288,0.079496489,-0.828329848,-0.476430157,17426,winter,174.26
KERALA,2023,3,-0.461070998,-1.066052555,0.407004246,-0.614430767,-0.476430157,17426,Pre_monsoon,697.04
KERALA,2023,4,0.094196549,-1.304750214,0.540275288,-0.335684845,-0.476430157,17426,Pre_monsoon,697.04
KERALA,2023,5,0.710941374,-1.109348683,0.249278449,0.045756943,-0.476430157,17426,Pre_monsoon,697.04
KERALA,2023,6,0.939687472,-0.898224552,-0.007017779,0.904131179,-0.476430157,17426,monsoon,2396.08
KERALA,2023,7,1.268780829,-0.539421768,-0.359222903,2.109830994,-0.476430157,17426,monsoon,2396.08
KERALA,2023,8,1.159295316,-0.848322989,-0.230710788,-0.329260928,-0.476430157,17426,monsoon,2396.08
KERALA,2023,9,1.211882319,-1.002329536,-0.370646202,1.601213008,-0.476430157,17426,monsoon,2396.08
KERALA,2023,10,1.075903796,-1.529820694,-0.254446906,1.049190175,-0.476430157,17426,Post_monsoon,2613.9
MAHARASHTRA,2015,1,-0.801771148,-0.290885342,-1.356069606,-0.711484002,-0.59468125,4936,winter,49.36
MAHARASHTRA,2015,2,-1.745981555,-0.170780218,-0.467936527,-0.756885471,-0.59468125,4936,winter,49.36
MAHARASHTRA,2015,3,-0.951008226,-0.267572042,-0.080709763,-0.352265496,-0.59468125,4936,Pre_monsoon,197.44
MAHARASHTRA,2015,4,-1.381589651,0.282635706,0.79178918,-0.581009035,-0.59468125,4936,Pre_monsoon,197.44
MAHARASHTRA,2015,5,-1.489357524,2.041693549,1.516632619,-0.728238273,-0.59468125,4936,Pre_monsoon,197.44
MAHARASHTRA,2015,6,0.105569824,2.125552043,0.495937438,1.069677262,-0.59468125,4936,monsoon,678.7
MAHARASHTRA,2015,7,0.384943197,3.366804848,0.173505459,-0.509998707,-0.59468125,4936,monsoon,678.7
MAHARASHTRA,2015,8,0.608156104,1.250706597,-0.019122263,0.313738463,-0.59468125,4936,monsoon,678.7
MAHARASHTRA,2015,9,0.640495625,0.233164329,-0.15614099,1.203711427,-0.59468125,4936,monsoon,678.7
MAHARASHTRA,2015,10,-0.011158486,-0.668893843,-0.0323246,-0.629362034,-0.59468125,4936,Post_monsoon,740.4
MAHARASHTRA,2015,11,-0.70168365,-0.182395237,-0.288936842,-0.82207955,-0.59468125,6792,Post_monsoon,740.4
MAHARASHTRA,2015,12,-1.800509118,-0.35333168,-0.708452819,-0.860536244,-0.59468125,6792,winter,49.36
MAHARASHTRA,2016,1,-1.847941058,-0.589378839,-0.977274881,-0.860536244,-0.59468125,6792,winter,67.92
MAHARASHTRA,2016,2,-1.844322494,-0.142521455,-0.13558228,-0.83622953,-0.59468125,6792,winter,67.92
MAHARASHTRA,2016,3,-1.812013613,-0.186808111,0.553213111,-0.689347531,-0.59468125,6792,Pre_monsoon,271.68
MAHARASHTRA,2016,4,-2.011785309,0.517087014,1.388427154,-0.856369379,-0.59468125,6792,Pre_monsoon,271.68
MAHARASHTRA,2016,5,-1.387873741,2.232779344,1.556941883,-0.738047768,-0.59468125,6792,Pre_monsoon,271.68
MAHARASHTRA,2016,6,-0.307703443,2.472712053,0.877852503,0.168332228,-0.59468125,6792,monsoon,933.9
MAHARASHTRA,2016,7,0.916881471,2.355174167,-0.148266404,1.61197741,-0.59468125,6792,monsoon,933.9
MAHARASHTRA,2016,8,0.928032476,2.024624883,-0.251778348,0.083953207,-0.59468125,6792,monsoon,933.9
MAHARASHTRA,2016,9,0.972545444,1.090954986,-0.342708277,0.891370155,-0.59468125,6792,monsoon,933.9
MAHARASHTRA,2016,10,0.491199097,-0.581885279,-0.767652662,-0.39054857,-0.59468125,6792,Post_monsoon,1018.8
MAHARASHTRA,2016,11,-0.336975098,-0.64527525,-1.374597354,-0.860536244,-0.59468125,7829,Post_monsoon,1018.8
MAHARASHTRA,2016,12,-1.093593263,-0.489048389,-1.328330652,-0.860536244,-0.59468125,7829,winter,67.92
MAHARASHTRA,2017,1,-1.558721915,-0.404121369,-1.153680582,-0.860536244,-0.59468125,7829,winter,78.29
MAHARASHTRA,2017,2,-1.969450398,-0.249135504,-0.26057907,-0.860536244,-0.59468125,7829,winter,78.29
MAHARASHTRA,2017,3,-2.16193664,0.033002999,0.356090977,-0.842740257,-0.59468125,7829,Pre_monsoon,313.16
MAHARASHTRA,2017,4,-2.223444447,1.278946219,1.169132584,-0.860536244,-0.59468125,7829,Pre_monsoon,313.16
MAHARASHTRA,2017,5,-1.735916843,1.845195737,1.666071843,-0.832670333,-0.59468125,7829,Pre_monsoon,313.16
MAHARASHTRA,2017,6,0.272316978,1.634709946,0.506677212,0.661237661,-0.59468125,7829,monsoon,1076.49
MAHARASHTRA,2017,7,0.612783611,3.511680353,0.034038213,0.29481395,-0.59468125,7829,monsoon,1076.49
MAHARASHTRA,2017,8,0.692752703,1.675341697,-0.085765977,0.901266459,-0.59468125,7829,monsoon,1076.49
MAHARASHTRA,2017,9,0.952737682,-0.348016803,-0.198882387,1.390959933,-0.59468125,7829,monsoon,1076.49
MAHARASHTRA,2017,10,0.437693555,-0.826258616,-0.488647945,-0.22135648,-0.59468125,7829,Post_monsoon,1174.35
MAHARASHTRA,2017,11,0.038575423,-0.657320455,-1.248695276,-0.847080742,-0.59468125,11011,Post_monsoon,1174.35
MAHARASHTRA,2017,12,-0.740376351,-0.233434711,-1.290128144,-0.858018763,-0.59468125,11011,winter,78.29
MAHARASHTRA,2018,1,-1.735418744,-0.684713582,-1.09490209,-0.860362625,-0.59468125,11011,winter,110.11
MAHARASHTRA,2018,2,-1.843573504,-0.58928963,-0.292689543,-0.845084119,-0.59468125,11011,winter,110.11
MAHARASHTRA,2018,3,-2.069707869,-0.360825241,0.599070166,-0.846733503,-0.59468125,11011,Pre_monsoon,440.44
MAHARASHTRA,2018,4,-2.134483852,0.249511393,1.256864925,-0.837184437,-0.59468125,11011,Pre_monsoon,440.44
MAHARASHTRA,2018,5,-1.831262754,1.89848328,1.699709713,-0.858279192,-0.59468125,11011,Pre_monsoon,440.44
MAHARASHTRA,2018,6,-0.058570609,2.59531503,0.682649857,0.306272829,-0.59468125,11011,monsoon,1514.01
MAHARASHTRA,2018,7,0.742932225,3.171139654,-0.121089252,0.360094838,-0.59468125,11011,monsoon,1514.01
MAHARASHTRA,2018,8,0.746402854,2.930929406,-0.215191019,1.017851876,-0.59468125,11011,monsoon,1514.01
MAHARASHTRA,2018,9,0.50624117,0.325654295,-0.24060786,-0.468850913,-0.59468125,11011,monsoon,1514.01
MAHARASHTRA,2018,10,-0.696318635,-0.193052745,-0.013293571,-0.842219399,-0.59468125,11011,Post_monsoon,1651.65
MAHARASHTRA,2018,11,-1.171873102,-0.635811161,-0.447275939,-0.755930565,-0.59468125,14907,Post_monsoon,1651.65
MAHARASHTRA,2018,12,-1.462235196,-0.267988351,-1.333878443,-0.860536244,-0.59468125,14907,winter,110.11
MAHARASHTRA,2019,1,-1.934578259,-0.203460468,-1.428050435,-0.860536244,-0.59468125,14907,winter,149.07
MAHARASHTRA,2019,2,-1.800363361,0.251416502,-0.576630087,-0.857845144,-0.59468125,14907,winter,149.07
MAHARASHTRA,2019,3,-2.143169531,0.201191804,0.314377208,-0.860536244,-0.59468125,14907,Pre_monsoon,596.28
MAHARASHTRA,2019,4,-2.170645886,0.751108136,1.32036021,-0.827374942,-0.59468125,14907,Pre_monsoon,596.28
MAHARASHTRA,2019,5,-1.803931545,2.242770758,1.505045461,-0.860275815,-0.59468125,14907,Pre_monsoon,596.28
MAHARASHTRA,2019,6,-0.641064925,2.601337633,1.153385753,0.020668942,-0.59468125,14907,monsoon,2049.71
MAHARASHTRA,2019,7,0.731588407,2.826019558,0.037830374,0.857427565,-0.59468125,14907,monsoon,2049.71
MAHARASHTRA,2019,8,0.936933998,2.283152724,-0.201918457,0.467565237,-0.59468125,14907,monsoon,2049.71
MAHARASHTRA,2019,9,1.102599259,0.691742484,-0.252073294,1.030439281,-0.59468125,14907,monsoon,2049.71
MAHARASHTRA,2019,10,1.015039235,-0.285889635,-0.572075482,0.392908902,-0.59468125,14907,Post_monsoon,2236.05
MAHARASHTRA,2019,11,0.870484829,-0.552355099,-1.093694216,-0.622590878,-0.59468125,3356,Post_monsoon,2236.05
MAHARASHTRA,2019,12,0.630024285,-0.188473347,-1.416744178,-0.820082927,-0.59468125,3356,winter,149.07
MAHARASHTRA,2020,1,-0.03534042,-0.192636436,-1.506562208,-0.85333104,-0.59468125,3356,winter,33.56
MAHARASHTRA,2020,2,-1.106499529,0.10179446,-0.653103254,-0.854719995,-0.59468125,3356,winter,33.56
MAHARASHTRA,2020,3,-1.413630312,0.053818446,0.130668087,-0.577623457,-0.59468125,3356,Pre_monsoon,134.24
MAHARASHTRA,2020,4,-1.904461441,0.182402395,1.190757264,-0.85610895,-0.59468125,3356,Pre_monsoon,134.24
MAHARASHTRA,2020,5,-1.678346166,1.641204366,1.649077345,-0.749767077,-0.59468125,3356,Pre_monsoon,134.24
MAHARASHTRA,2020,6,0.455252371,0.915869331,0.255235886,1.487926359,-0.59468125,3356,monsoon,461.45
MAHARASHTRA,2020,7,0.9253813,0.851050031,-0.011327266,1.502857627,-0.59468125,3356,monsoon,461.45
MAHARASHTRA,2020,8,1.176102162,1.896401735,-0.258239066,0.947275596,-0.59468125,3356,monsoon,461.45
MAHARASHTRA,2020,9,1.162786298,-0.225844011,-0.212669935,1.448861998,-0.59468125,3356,monsoon,461.45
MAHARASHTRA,2020,10,0.948052868,-0.526099883,-0.450304986,0.306446448,-0.59468125,3356,Post_monsoon,503.4
MAHARASHTRA,2020,11,0.621501425,-0.573864393,-1.179612407,-0.827114512,-0.59468125,12720,Post_monsoon,503.4
MAHARASHTRA,2020,12,0.176850024,-0.588546221,-1.543430437,-0.846733503,-0.59468125,12720,winter,33.56
MAHARASHTRA,2021,1,-0.295717987,-0.655571958,-0.970322586,-0.798293695,-0.59468125,12720,winter,127.2
MAHARASHTRA,2021,2,-1.612757692,-0.432579057,-0.62957738,-0.834059288,-0.59468125,12720,winter,127.2
MAHARASHTRA,2021,3,-2.072503654,-0.595207164,0.57048851,-0.795081736,-0.59468125,12720,Pre_monsoon,508.8
MAHARASHTRA,2021,4,-1.981583868,-0.070977092,1.147870734,-0.829805613,-0.59468125,12720,Pre_monsoon,508.8
MAHARASHTRA,2021,5,-0.95303276,1.83645325,1.15033798,-0.503053931,-0.59468125,12720,Pre_monsoon,508.8
MAHARASHTRA,2021,6,0.447631446,1.909168542,0.284697698,0.529547357,-0.59468125,12720,monsoon,1749
MAHARASHTRA,2021,7,0.648293294,2.313126966,0.114024715,0.499598014,-0.59468125,12720,monsoon,1749
MAHARASHTRA,2021,8,0.688832177,1.19533751,-0.034712257,0.321638145,-0.59468125,12720,monsoon,1749
MAHARASHTRA,2021,9,1.107862512,0.795417282,-0.258023709,2.051321262,-0.59468125,12720,monsoon,1749
MAHARASHTRA,2021,10,0.799506703,-0.796700682,-0.629800595,-0.030809206,-0.59468125,12720,Post_monsoon,1908
MAHARASHTRA,2021,11,0.832064744,-0.199602672,-1.03810863,-0.792477445,-0.59468125,8578,Post_monsoon,1908
MAHARASHTRA,2021,12,0.410587294,-0.521936794,-1.570467139,-0.745252973,-0.59468125,8578,winter,127.2
MAHARASHTRA,2022,1,-0.184384685,-0.210121411,-1.573697498,-0.844042402,-0.59468125,8578,winter,85.78
MAHARASHTRA,2022,2,-1.577463775,-0.595742418,-0.679958944,-0.860536244,-0.59468125,8578,winter,85.78
MAHARASHTRA,2022,3,-2.08251385,0.190784081,0.617960744,-0.811922816,-0.59468125,8578,Pre_monsoon,343.12
MAHARASHTRA,2022,4,-2.242139786,0.434491324,1.419340287,-0.857671524,-0.59468125,8578,Pre_monsoon,343.12
MAHARASHTRA,2022,5,-1.467023379,2.580397294,1.546829455,-0.843347925,-0.59468125,8578,Pre_monsoon,343.12
MAHARASHTRA,2022,6,-0.15310992,1.820120063,0.671837517,0.512445848,-0.59468125,8578,monsoon,1179.48
MAHARASHTRA,2022,7,1.0004176,2.753165497,-0.211609534,1.543484562,-0.59468125,8578,monsoon,1179.48
MAHARASHTRA,2022,8,1.037325176,1.745697905,-0.267368342,0.441175091,-0.59468125,8578,monsoon,1179.48
MAHARASHTRA,2022,9,1.142762693,0.346303217,-0.295032389,0.870535828,-0.59468125,8578,monsoon,1179.48
MAHARASHTRA,2022,10,0.916801133,-0.124361773,-0.754239648,0.283181451,-0.59468125,8578,Post_monsoon,1286.7
MAHARASHTRA,2022,11,0.500263974,-0.786376221,-1.485260564,-0.860536244,-0.59468125,19034,Post_monsoon,1286.7
MAHARASHTRA,2022,12,0.216537317,-0.740082669,-1.226433888,-0.727196557,-0.59468125,19034,winter,85.78
MAHARASHTRA,2023,1,-0.454595703,-0.373314509,-1.366743836,-0.801766082,-0.59468125,19034,winter,190.34
MAHARASHTRA,2023,2,-2.156718071,-0.246370024,-0.491261326,-0.860536244,-0.59468125,19034,winter,190.34
MAHARASHTRA,2023,3,-1.431899321,-0.147258764,0.05061136,-0.687264098,-0.59468125,19034,Pre_monsoon,761.36
MAHARASHTRA,2023,4,-1.364704074,0.254673624,0.737872613,-0.384558702,-0.59468125,19034,Pre_monsoon,761.36
MAHARASHTRA,2023,5,-1.259974609,1.405157207,1.208273769,-0.780497708,-0.59468125,19034,Pre_monsoon,761.36
MAHARASHTRA,2023,6,-0.652521216,3.623029112,0.973929939,-0.503053931,-0.59468125,19034,monsoon,2617.18
MAHARASHTRA,2023,7,0.887863151,3.102448682,-0.038293742,1.433409873,-0.59468125,19034,monsoon,2617.18
MAHARASHTRA,2023,8,0.737935161,2.281903797,-0.12916515,-0.332472886,-0.59468125,19034,monsoon,2617.18
MAHARASHTRA,2023,9,0.891405014,1.084502198,-0.134661442,1.168553502,-0.59468125,19034,monsoon,2617.18
MAHARASHTRA,2023,10,0.344340043,-0.451580586,-0.500024427,-0.851334417,-0.59468125,19034,Post_monsoon,2855.1
TAMIL NADU,2015,1,0.431700292,0.589191719,-0.413015405,-0.801592463,-0.541489235,4535,winter,45.35
TAMIL NADU,2015,2,-0.030206207,0.828019227,-0.037049753,-0.853765088,-0.541489235,4535,winter,45.35
TAMIL NADU,2015,3,-0.358639218,0.669123032,0.707076522,-0.813919439,-0.541489235,4535,Pre_monsoon,181.4
TAMIL NADU,2015,4,0.011595026,-0.17164059,0.787072388,0.104787533,-0.541489235,4535,Pre_monsoon,181.4
TAMIL NADU,2015,5,0.368313096,0.208685365,0.603915705,0.291688801,-0.541489235,4535,Pre_monsoon,181.4
TAMIL NADU,2015,6,0.329482213,1.627396786,0.482948117,-0.155901972,-0.541489235,4535,monsoon,623.56
TAMIL NADU,2015,7,-0.104383457,2.312294348,0.731866018,-0.693514396,-0.541489235,4535,monsoon,623.56
TAMIL NADU,2015,8,-0.086146583,1.163281723,0.757779116,-0.10025696,-0.541489235,4535,monsoon,623.56
TAMIL NADU,2015,9,0.12439799,0.385450133,0.612260799,-0.155554734,-0.541489235,4535,monsoon,623.56
TAMIL NADU,2015,10,0.692174265,-0.396211499,0.152367674,0.458450219,-0.541489235,4535,Post_monsoon,680.25
TAMIL NADU,2015,11,1.258770098,-0.068826163,-0.288283747,1.942809147,-0.541489235,2531,Post_monsoon,680.25
TAMIL NADU,2015,12,1.244309676,0.528826926,-0.536190405,0.212691981,-0.541489235,2531,winter,45.35
TAMIL NADU,2016,1,0.885501194,-0.014872527,-0.749675011,-0.858452811,-0.541489235,2531,winter,25.31
TAMIL NADU,2016,2,0.354495403,0.144961389,-0.051205493,-0.860102196,-0.541489235,2531,winter,25.31
TAMIL NADU,2016,3,-0.32677691,0.194114552,0.832920079,-0.852810181,-0.541489235,2531,Pre_monsoon,101.24
TAMIL NADU,2016,4,-0.591553821,0.510634226,1.496985949,-0.835795482,-0.541489235,2531,Pre_monsoon,101.24
TAMIL NADU,2016,5,-0.085439603,0.730736753,1.042893425,0.196198139,-0.541489235,2531,Pre_monsoon,101.24
TAMIL NADU,2016,6,0.03341179,2.00036795,0.6507208,-0.480570221,-0.541489235,2531,monsoon,348.01
TAMIL NADU,2016,7,0.027837895,1.902646369,0.618873672,-0.075950246,-0.541489235,2531,monsoon,348.01
TAMIL NADU,2016,8,-0.008539446,1.815221495,0.657497532,-0.308079363,-0.541489235,2531,monsoon,348.01
TAMIL NADU,2016,9,-0.173913881,1.034600635,0.688672838,-0.664085911,-0.541489235,2531,monsoon,348.01
TAMIL NADU,2016,10,0.001374343,-0.668893843,0.575053148,-0.338462755,-0.541489235,2531,Post_monsoon,379.65
TAMIL NADU,2016,11,0.126589629,0.407389613,0.091889732,-0.663912291,-0.541489235,23294,Post_monsoon,379.65
TAMIL NADU,2016,12,0.139508619,0.658715309,-0.152339466,-0.447495728,-0.541489235,23294,winter,25.31
TAMIL NADU,2017,1,0.104802322,0.880607965,-0.255500284,-0.488469903,-0.541489235,23294,winter,232.94
TAMIL NADU,2017,2,-0.165084472,0.621530002,-0.144888071,-0.841264492,-0.541489235,23294,winter,232.94
TAMIL NADU,2017,3,-0.125126896,0.084208997,0.607075839,-0.521631206,-0.541489235,23294,Pre_monsoon,931.76
TAMIL NADU,2017,4,-0.723782671,0.28220552,1.491688628,-0.813398581,-0.541489235,23294,Pre_monsoon,931.76
TAMIL NADU,2017,5,-0.115004226,0.618333344,1.047458063,-0.366589095,-0.541489235,23294,Pre_monsoon,931.76
TAMIL NADU,2017,6,-0.182431385,2.215030707,0.80332718,-0.560955996,-0.541489235,23294,monsoon,3202.93
TAMIL NADU,2017,7,-0.440086543,2.487976713,0.959465888,-0.421452821,-0.541489235,23294,monsoon,3202.93
TAMIL NADU,2017,8,0.347441115,0.962620823,0.465080486,0.251756342,-0.541489235,23294,monsoon,3202.93
TAMIL NADU,2017,9,0.770117753,-0.10367122,0.210898036,0.380842355,-0.541489235,23294,monsoon,3202.93
TAMIL NADU,2017,10,0.758566126,-0.250087068,0.174839737,0.05782349,-0.541489235,23294,Post_monsoon,3494.1
TAMIL NADU,2017,11,1.116313602,0.238756746,-0.224498199,0.629725742,-0.541489235,4486,Post_monsoon,3494.1
TAMIL NADU,2017,12,0.940099341,0.327749716,-0.545249456,-0.420150675,-0.541489235,4486,winter,232.94
TAMIL NADU,2018,1,0.482361845,0.446814068,-0.547496662,-0.754888849,-0.541489235,4486,winter,44.86
TAMIL NADU,2018,2,0.255276041,0.550549331,-0.217583692,-0.732839187,-0.541489235,4486,winter,44.86
TAMIL NADU,2018,3,-0.242003565,0.334410659,0.591907196,-0.760271049,-0.541489235,4486,Pre_monsoon,179.44
TAMIL NADU,2018,4,-0.327262155,0.484823073,1.138582281,-0.688739863,-0.541489235,4486,Pre_monsoon,179.44
TAMIL NADU,2018,5,0.206977018,-0.097718002,0.769436499,-0.025253386,-0.541489235,4486,Pre_monsoon,179.44
TAMIL NADU,2018,6,0.035553619,2.222774053,0.644988083,-0.417199146,-0.541489235,4486,monsoon,616.83
TAMIL NADU,2018,7,0.108015868,2.850165475,0.557356398,-0.300179681,-0.541489235,4486,monsoon,616.83
TAMIL NADU,2018,8,-0.099514934,3.021268442,0.6287052,-0.555139747,-0.541489235,4486,monsoon,616.83
TAMIL NADU,2018,9,0.003110729,-0.015052927,0.661678272,0.060861829,-0.541489235,4486,monsoon,616.83
TAMIL NADU,2018,10,0.692640229,-0.227606386,0.127648403,0.118503465,-0.541489235,4486,Post_monsoon,672.9
TAMIL NADU,2018,11,0.899075748,0.305005372,-0.200623972,0.546996106,-0.541489235,8527,Post_monsoon,672.9
TAMIL NADU,2018,12,0.774087553,0.345651,-0.36687745,-0.705060085,-0.541489235,8527,winter,44.86
TAMIL NADU,2019,1,0.283266601,0.625826905,-0.52207514,-0.859581337,-0.541489235,8527,winter,85.27
TAMIL NADU,2019,2,-0.096382301,0.757499469,0.398657479,-0.832930762,-0.541489235,8527,winter,85.27
TAMIL NADU,2019,3,-0.564450774,0.527577999,0.925336441,-0.854806804,-0.541489235,8527,Pre_monsoon,341.08
TAMIL NADU,2019,4,-0.626918895,0.341140987,1.32108587,-0.716518965,-0.541489235,8527,Pre_monsoon,341.08
TAMIL NADU,2019,5,-0.598080533,0.487612342,1.551815444,-0.671985593,-0.541489235,8527,Pre_monsoon,341.08
TAMIL NADU,2019,6,-0.281951692,1.949606015,1.082343601,-0.556181463,-0.541489235,8527,monsoon,1172.46
TAMIL NADU,2019,7,-0.218110851,1.985491844,0.826810487,-0.440203714,-0.541489235,8527,monsoon,1172.46
TAMIL NADU,2019,8,0.082564584,2.241105522,0.52484213,0.229619871,-0.541489235,8527,monsoon,1172.46
TAMIL NADU,2019,9,0.635348595,0.428468722,0.256977471,0.82487393,-0.541489235,8527,monsoon,1172.46
TAMIL NADU,2019,10,1.099941121,-0.730923873,-0.040611174,0.797008019,-0.541489235,8527,Post_monsoon,1279.05
TAMIL NADU,2019,11,1.169577056,-0.156584084,-0.142498575,0.401242632,-0.541489235,2410,Post_monsoon,1279.05
TAMIL NADU,2019,12,1.159423858,0.594603735,-0.478324841,-0.143054138,-0.541489235,2410,winter,85.27
TAMIL NADU,2020,1,0.719939303,0.128754052,-0.402200725,-0.784664573,-0.541489235,2410,winter,24.1
TAMIL NADU,2020,2,0.142201903,0.784009939,0.010725868,-0.857497905,-0.541489235,2410,winter,24.1
TAMIL NADU,2020,3,-0.432309761,0.518835512,0.814310402,-0.858366002,-0.541489235,2410,Pre_monsoon,96.4
TAMIL NADU,2020,4,-0.376540812,0.34286173,1.163399867,-0.680492942,-0.541489235,2410,Pre_monsoon,96.4
TAMIL NADU,2020,5,-0.583153612,0.952213099,1.467053628,-0.677801842,-0.541489235,2410,Pre_monsoon,96.4
TAMIL NADU,2020,6,-0.126029903,1.515548456,0.803980275,-0.327264305,-0.541489235,2410,monsoon,331.38
TAMIL NADU,2020,7,0.44537393,0.562964257,0.355880301,0.49221919,-0.541489235,2410,monsoon,331.38
TAMIL NADU,2020,8,0.434126519,1.1761873,0.415290819,-0.090273845,-0.541489235,2410,monsoon,331.38
TAMIL NADU,2020,9,0.640146955,0.629795716,0.177735356,0.334833218,-0.541489235,2410,monsoon,331.38
TAMIL NADU,2020,10,0.737276384,-0.002383259,0.1089685,-0.054595061,-0.541489235,2410,Post_monsoon,361.5
TAMIL NADU,2020,11,0.982075751,0.265858457,-0.138942839,0.667314339,-0.541489235,6039,Post_monsoon,361.5
TAMIL NADU,2020,12,1.173579528,0.861457754,-0.613157223,0.920017353,-0.541489235,6039,winter,24.1
TAMIL NADU,2021,1,1.172486922,0.35730765,-0.578887326,0.37381077,-0.541489235,6039,winter,60.39
TAMIL NADU,2021,2,0.635112591,0.406744334,-0.572664872,-0.784490954,-0.541489235,6039,winter,60.39
TAMIL NADU,2021,3,0.15613872,0.108771223,0.267958352,-0.810360242,-0.541489235,6039,Pre_monsoon,241.56
TAMIL NADU,2021,4,-0.13426515,-0.155723712,0.961521146,-0.575800454,-0.541489235,6039,Pre_monsoon,241.56
TAMIL NADU,2021,5,0.053899753,0.8169127,0.857288223,-0.133765501,-0.541489235,6039,Pre_monsoon,241.56
TAMIL NADU,2021,6,0.03331217,1.332289268,0.69578431,-0.333080554,-0.541489235,6039,monsoon,830.36
TAMIL NADU,2021,7,0.361934208,1.781084163,0.43312802,0.134302829,-0.541489235,6039,monsoon,830.36
TAMIL NADU,2021,8,0.298643418,1.107912636,0.421049286,0.183003066,-0.541489235,6039,monsoon,830.36
TAMIL NADU,2021,9,0.643849496,0.406529241,0.233103244,0.503157211,-0.541489235,6039,monsoon,830.36
TAMIL NADU,2021,10,1.065572246,-0.568147084,0.033897762,1.018546354,-0.541489235,6039,Post_monsoon,905.85
TAMIL NADU,2021,11,1.334597465,-0.238749588,-0.281680238,2.362360389,-0.541489235,6430,Post_monsoon,905.85
TAMIL NADU,2021,12,1.143050841,0.07130342,-0.611963395,-0.530919843,-0.541489235,6430,winter,60.39
TAMIL NADU,2022,1,1.035573794,0.008857082,-0.501920508,-0.598891832,-0.541489235,6430,winter,64.3
TAMIL NADU,2022,2,0.499202548,0.377706787,-0.299686982,-0.745687021,-0.541489235,6430,winter,64.3
TAMIL NADU,2022,3,-0.088701352,0.246153168,0.504757723,-0.671204305,-0.541489235,6430,Pre_monsoon,257.2
TAMIL NADU,2022,4,0.03430837,-0.143678507,0.848971219,-0.366502286,-0.541489235,6430,Pre_monsoon,257.2
TAMIL NADU,2022,5,0.012187925,0.916410532,0.891206995,-0.103121679,-0.541489235,6430,Pre_monsoon,257.2
TAMIL NADU,2022,6,0.230443402,0.878443158,0.533816911,0.00408829,-0.541489235,6430,monsoon,884.13
TAMIL NADU,2022,7,0.228073948,1.780667855,0.469364223,-0.000339004,-0.541489235,6430,monsoon,884.13
TAMIL NADU,2022,8,0.516843194,0.990929829,0.303773203,0.1564393,-0.541489235,6430,monsoon,884.13
TAMIL NADU,2022,9,0.568221368,0.097225589,0.305306453,0.075011809,-0.541489235,6430,monsoon,884.13
TAMIL NADU,2022,10,0.835498418,-0.529014045,0.042605687,0.444821098,-0.541489235,6430,Post_monsoon,964.5
TAMIL NADU,2022,11,1.066935325,-0.071837464,-0.376596617,0.376675489,-0.541489235,9121,Post_monsoon,964.5
TAMIL NADU,2022,12,1.067773525,0.348565162,-0.465052278,0.089509028,-0.541489235,9121,winter,64.3
TAMIL NADU,2023,1,0.528893991,0.450977157,-0.598901508,-0.819214831,-0.541489235,9121,winter,91.21
TAMIL NADU,2023,2,0.12713991,0.445000151,-0.211752492,-0.644293301,-0.541489235,9121,winter,91.21
TAMIL NADU,2023,3,-0.168590106,0.485947107,0.584954901,-0.665995724,-0.541489235,9121,Pre_monsoon,364.84
TAMIL NADU,2023,4,-0.410013108,0.353616377,1.098162998,-0.60496851,-0.541489235,9121,Pre_monsoon,364.84
TAMIL NADU,2023,5,0.358961677,0.062977242,0.735587953,0.184305211,-0.541489235,9121,Pre_monsoon,364.84
TAMIL NADU,2023,6,-0.010819457,1.073317365,0.825604954,-0.542378722,-0.541489235,9121,monsoon,1254.14
TAMIL NADU,2023,7,-0.11087482,2.57040588,0.733902548,-0.42440435,-0.541489235,9121,monsoon,1254.14
TAMIL NADU,2023,8,-0.102294652,0.787354766,0.907429016,0.000529093,-0.541489235,9121,monsoon,1254.14
TAMIL NADU,2023,9,0.361908499,0.831122711,0.422790871,0.116072793,-0.541489235,9121,monsoon,1254.14
TAMIL NADU,2023,10,0.472640868,-0.477391739,0.413184064,0.013724166,-0.541489235,9121,Post_monsoon,1368.15
WEST BENGAL,2015,1,-0.050620832,-0.357078461,-1.863095544,-0.587867001,-0.422561447,8516,winter,85.16
WEST BENGAL,2015,2,-0.491553204,-0.606804341,-0.864380349,-0.698375739,-0.422561447,8516,winter,85.16
WEST BENGAL,2015,3,-0.89179864,-0.034855355,0.171609378,-0.505918651,-0.422561447,8516,Pre_monsoon,340.64
WEST BENGAL,2015,4,-0.081001696,0.32092225,0.804270539,0.087251976,-0.422561447,8516,Pre_monsoon,340.64
WEST BENGAL,2015,5,0.035678947,0.945135848,1.279130995,-0.254430973,-0.422561447,8516,Pre_monsoon,340.64
WEST BENGAL,2015,6,0.508914305,1.885078132,0.95063624,1.007347903,-0.422561447,8516,monsoon,1170.95
WEST BENGAL,2015,7,1.233142604,0.52716169,0.499912185,4.751363119,-0.422561447,8516,monsoon,1170.95
WEST BENGAL,2015,8,1.247314342,0.22991712,0.487341874,0.885727525,-0.422561447,8516,monsoon,1170.95
WEST BENGAL,2015,9,1.079686676,-0.725720011,0.431934192,0.789542386,-0.422561447,8516,monsoon,1170.95
WEST BENGAL,2015,10,0.726735953,-1.323331469,0.086145311,-0.659832236,-0.422561447,8516,Post_monsoon,1277.4
WEST BENGAL,2015,11,0.451483417,-1.247965677,-0.665699717,-0.858105573,-0.422561447,22865,Post_monsoon,1277.4
WEST BENGAL,2015,12,0.009922376,-1.065636246,-1.446308987,-0.818780782,-0.422561447,22865,winter,85.16
WEST BENGAL,2016,1,-0.474696433,-0.827507543,-1.56196989,-0.776244033,-0.422561447,22865,winter,228.65
WEST BENGAL,2016,2,-0.457630288,-0.822511836,-0.333912772,-0.301047778,-0.422561447,22865,winter,228.65
WEST BENGAL,2016,3,-0.400351046,-0.259662173,0.449630942,-0.670683447,-0.422561447,22865,Pre_monsoon,914.6
WEST BENGAL,2016,4,-0.74337459,0.861235723,1.699953161,-0.817391827,-0.422561447,22865,Pre_monsoon,914.6
WEST BENGAL,2016,5,-0.213997512,0.644560806,1.392966043,0.616704288,-0.422561447,22865,Pre_monsoon,914.6
WEST BENGAL,2016,6,0.594238772,0.591509172,0.920521334,0.415045373,-0.422561447,22865,monsoon,3143.94
WEST BENGAL,2016,7,1.095988459,1.091260279,0.53010902,2.202890985,-0.422561447,22865,monsoon,3143.94
WEST BENGAL,2016,8,1.213250754,0.172466488,0.464097333,3.088349845,-0.422561447,22865,monsoon,3143.94
WEST BENGAL,2016,9,1.256329409,-0.621615027,0.353054907,1.3637885,-0.422561447,22865,monsoon,3143.94
WEST BENGAL,2016,10,0.950125605,-1.06397101,-0.032113925,-0.405132599,-0.422561447,22865,Post_monsoon,3429.75
WEST BENGAL,2016,11,0.747421013,-0.929197935,-1.095218103,-0.649154643,-0.422561447,37746,Post_monsoon,3429.75
WEST BENGAL,2016,12,0.591863426,-0.662232901,-1.874261351,-0.860536244,-0.422561447,37746,winter,228.65
WEST BENGAL,2017,1,-0.027643978,-0.461155691,-1.811128897,-0.848209268,-0.422561447,37746,winter,377.46
WEST BENGAL,2017,2,-0.65379137,-0.508629776,-0.809022828,-0.860015386,-0.422561447,37746,winter,377.46
WEST BENGAL,2017,3,-0.545201633,-0.076486247,0.111285932,-0.486386471,-0.422561447,37746,Pre_monsoon,1509.84
WEST BENGAL,2017,4,-0.320222347,1.415315144,1.214196094,-0.563213048,-0.422561447,37746,Pre_monsoon,1509.84
WEST BENGAL,2017,5,-0.16884719,0.566711038,1.423022428,0.238127221,-0.422561447,37746,Pre_monsoon,1509.84
WEST BENGAL,2017,6,0.603901905,0.952435131,0.945629183,1.067333401,-0.422561447,37746,monsoon,5190.08
WEST BENGAL,2017,7,1.221718447,0.826487805,0.509954388,4.783743134,-0.422561447,37746,monsoon,5190.08
WEST BENGAL,2017,8,1.295678209,0.000114595,0.450262969,1.794451383,-0.422561447,37746,monsoon,5190.08
WEST BENGAL,2017,9,1.272085961,-0.554936214,0.406100682,1.009084097,-0.422561447,37746,monsoon,5190.08
WEST BENGAL,2017,10,1.098012993,-0.713855207,0.073223874,1.594007803,-0.422561447,37746,Post_monsoon,5661.9
WEST BENGAL,2017,11,0.747221773,-0.93608091,-1.026643196,-0.619899777,-0.422561447,5166,Post_monsoon,5661.9
WEST BENGAL,2017,12,0.756332712,-0.749657774,-1.722645146,-0.639952816,-0.422561447,5166,winter,377.46
WEST BENGAL,2020,1,0.455046704,-0.776717854,-2.0853583,-0.544983013,-0.422561447,5166,winter,51.66
WEST BENGAL,2020,2,-0.091200715,-0.785130165,-1.491165938,-0.817391827,-0.422561447,5166,winter,51.66
WEST BENGAL,2020,3,-0.253315247,-0.586880986,-0.124108936,-0.344626243,-0.422561447,5166,Pre_monsoon,206.64
WEST BENGAL,2020,4,-0.432693244,-0.190568769,0.920158503,-0.165798277,-0.422561447,5166,Pre_monsoon,206.64
WEST BENGAL,2020,5,0.286367673,0.699097275,0.922808334,1.691495088,-0.422561447,5166,Pre_monsoon,206.64
WEST BENGAL,2020,6,1.055927323,0.679267093,0.650430536,1.62881849,-0.422561447,5166,monsoon,710.33
WEST BENGAL,2020,7,1.190675593,0.780693824,0.564519368,1.694880666,-0.422561447,5166,monsoon,710.33
WEST BENGAL,2020,8,1.271512343,0.545479283,0.551878832,2.069724917,-0.422561447,5166,monsoon,710.33
WEST BENGAL,2020,9,1.279723489,-0.472340524,0.437884607,0.302540012,-0.422561447,5166,monsoon,710.33
WEST BENGAL,2020,10,1.101210471,-1.113928081,0.226455259,-0.050688625,-0.422561447,5166,Post_monsoon,774.9
WEST BENGAL,2020,11,0.793295989,-0.745508562,-0.983393837,-0.79959584,-0.422561447,8264,Post_monsoon,774.9
WEST BENGAL,2020,12,0.462325385,-1.012765013,-1.841325733,-0.859928576,-0.422561447,8264,winter,51.66
WEST BENGAL,2021,1,0.030906831,-0.845408826,-1.754316711,-0.856369379,-0.422561447,8264,winter,82.64
WEST BENGAL,2021,2,-0.876993374,-0.794396115,-0.893691846,-0.851681655,-0.422561447,8264,winter,82.64
WEST BENGAL,2021,3,-1.145443828,-0.675971095,0.654828974,-0.82503108,-0.422561447,8264,Pre_monsoon,330.56
WEST BENGAL,2021,4,-0.786327381,0.653025754,1.285093115,-0.650283169,-0.422561447,8264,Pre_monsoon,330.56
WEST BENGAL,2021,5,0.114764315,0.980938415,1.115857407,1.353544956,-0.422561447,8264,Pre_monsoon,330.56
WEST BENGAL,2021,6,1.058251788,0.869409255,0.588749402,2.374687365,-0.422561447,8264,monsoon,1136.3
WEST BENGAL,2021,7,1.193824868,0.505929935,0.566345223,2.641887598,-0.422561447,8264,monsoon,1136.3
WEST BENGAL,2021,8,1.330336303,0.246569476,0.437973559,1.422037803,-0.422561447,8264,monsoon,1136.3
WEST BENGAL,2021,9,1.313395024,-0.144538879,0.299791434,2.972024858,-0.422561447,8264,monsoon,1136.3
WEST BENGAL,2021,10,1.113582624,-0.833335868,0.107353321,0.673651446,-0.422561447,8264,Post_monsoon,1239.6
WEST BENGAL,2021,11,0.951060747,-1.085355412,-0.978677044,-0.659224568,-0.422561447,67271,Post_monsoon,1239.6
WEST BENGAL,2021,12,0.929526775,-0.786709268,-1.790131562,-0.019697565,-0.422561447,67271,winter,82.64
WEST BENGAL,2022,1,0.739750814,-0.726344475,-2.060568804,-0.625629217,-0.422561447,67271,winter,672.71
WEST BENGAL,2022,2,0.333246423,-0.699447945,-1.513276238,-0.416331049,-0.422561447,67271,winter,672.71
WEST BENGAL,2022,3,-0.000168159,-0.200129997,-0.106271735,-0.854025517,-0.422561447,67271,Pre_monsoon,2690.84
WEST BENGAL,2022,4,-0.328374578,1.28711975,1.333349531,-0.764177486,-0.422561447,67271,Pre_monsoon,2690.84
WEST BENGAL,2022,5,0.202847611,1.004251715,1.049073243,0.7798197,-0.422561447,67271,Pre_monsoon,2690.84
WEST BENGAL,2022,6,0.594537632,1.757312924,0.871611823,0.238734888,-0.422561447,67271,monsoon,9249.76
WEST BENGAL,2022,7,0.906148227,0.977607944,0.642820465,0.613579139,-0.422561447,67271,monsoon,9249.76
WEST BENGAL,2022,8,1.106448551,0.637899863,0.529476993,1.54426585,-0.422561447,67271,monsoon,9249.76
WEST BENGAL,2022,9,1.233865116,-0.278756875,0.394635248,1.046672694,-0.422561447,67271,monsoon,9249.76
WEST BENGAL,2022,10,1.091071734,-0.628928187,-0.060765806,0.200451814,-0.422561447,67271,Post_monsoon,10090.65
WEST BENGAL,2022,11,0.604947914,-0.748089677,-1.119963123,-0.860362625,-0.422561447,30683,Post_monsoon,10090.65
WEST BENGAL,2022,12,0.190973559,-0.668061225,-1.710074835,-0.860102196,-0.422561447,30683,winter,672.71
WEST BENGAL,2023,1,-0.260240439,-0.524018338,-1.621871985,-0.860275815,-0.422561447,30683,winter,306.83
WEST BENGAL,2023,2,-0.838283917,-0.397549635,-0.744490886,-0.858452811,-0.422561447,30683,winter,306.83
WEST BENGAL,2023,3,-0.777894501,-0.42701836,0.336849272,-0.419629817,-0.422561447,30683,Pre_monsoon,1227.32
WEST BENGAL,2023,4,-1.081650655,-0.405661712,1.256066699,-0.425793305,-0.422561447,30683,Pre_monsoon,1227.32
WEST BENGAL,2023,5,-0.385568734,0.437238963,1.384539019,0.095064848,-0.422561447,30683,Pre_monsoon,1227.32
WEST BENGAL,2023,6,0.063297768,1.242810604,1.403448325,0.657938892,-0.422561447,30683,monsoon,4218.91
WEST BENGAL,2023,7,0.936532305,0.74738911,0.80159964,0.808900947,-0.422561447,30683,monsoon,4218.91
WEST BENGAL,2023,8,1.050709596,0.233247591,0.616907366,1.495565612,-0.422561447,30683,monsoon,4218.91
WEST BENGAL,2023,9,1.231391221,-0.197451743,0.500509099,1.372990327,-0.422561447,30683,monsoon,4218.91
WEST BENGAL,2023,10,0.914519515,-0.579803734,0.016973489,0.358271835,-0.422561447,30683,Post_monsoon,4602.45
