state,season,lower_bound,upper_bound
Delhi,Winter,40,120
Delhi,Pre-monsoon,60,150
Delhi,Monsoon,200,380
Delhi,Post-monsoon,320,480
Kerala,Winter,50,130
Kerala,Pre-monsoon,90,200
Kerala,Monsoon,300,500
Kerala,Post-monsoon,220,400
Maharashtra,Winter,30,100
Maharashtra,Pre-monsoon,120,180
Maharashtra,Monsoon,280,420
Maharashtra,Post-monsoon,350,480
Tamil Nadu,Winter,40,100
Tamil Nadu,Pre-monsoon,80,170
Tamil Nadu,Monsoon,260,410
Tamil Nadu,Post-monsoon,300,460
West Bengal,Winter,70,160
West Bengal,Pre-monsoon,100,210
West Bengal,Monsoon,350,500
West Bengal,Post-monsoon,300,450
